{"x": [1971, 1972, 1973, 1974, 1975, 1976, 1977, 1978, 1979, 1980, 1981, 1982, 1983, 1984, 1985, 1986, 1987, 1988, 1989, 1990, 1991, 1992, 1993, 1994, 1995, 1996, 1997, 1998, 1999, 2000, 2001, 2002, 2003, 2004, 2005, 2006, 2007, 2008, 2009, 2010, 2011, 2012, 2013, 2014, 2015, 2016, 2017, 2018, 2019], "y": [190.0, 212.33333333333334, 178.75, 203.33333333333334, 228.8421052631579, 205.66666666666666, 186.16666666666666, 201.3, 195.28, 208.04761904761904, 191.85714285714286, 218.34375, 222.78125, 197.9375, 206.79032258064515, 196.75, 225.2972972972973, 218.88524590163934, 218.24074074074073, 216.10169491525423, 217.23076923076923, 209.79310344827587, 209.60493827160494, 222.02061855670104, 227.18333333333334, 228.568, 229.96363636363637, 236.09345794392524, 232.11920529801324, 228.8671875, 232.65, 240.6875, 224.4825174825175, 229.55645161290323, 251.39622641509433, 234.0506329113924, 240.94594594594594, 233.54098360655738, 244.46896551724137, 237.06382978723406, 240.6853146853147, 243.2093023255814, 242.3955223880597, 258.3813559322034, 264.46478873239437, 265.37894736842105, 258.0241935483871, 248.29921259842519, 250.0]}