{"SRI LANKA": {"x": [1971, 1972, 1973, 1974, 1975, 1976, 1977, 1978, 1979, 1980, 1981, 1982, 1983, 1984, 1985, 1986, 1987, 1988, 1989, 1990, 1991, 1992, 1993, 1994, 1995, 1996, 1997, 1998, 1999, 2000, 2001, 2002, 2003, 2004, 2005, 2006, 2007, 2008, 2009, 2010, 2011, 2012, 2013, 2014, 2015, 2016, 2017, 2018, 2019], "y": [0, 0, 0, 0, 86.0, 0, 0, 0, 213.5, 0, 0, 222.8, 169.66666666666666, 122.33333333333333, 197.1, 171.28571428571428, 190.33333333333334, 208.0, 213.33333333333334, 216.0, 190.5, 205.16666666666666, 204.46153846153845, 215.6, 240.77777777777777, 242.44444444444446, 262.4, 232.66666666666666, 224.16666666666666, 258.46153846153845, 238.22222222222223, 228.35294117647058, 236.57142857142858, 243.30769230769232, 237.1, 268.5652173913044, 242.42857142857142, 237.25, 255.78571428571428, 226.88888888888889, 242.86666666666667, 245.21428571428572, 237.46666666666667, 258.2105263157895, 253.9090909090909, 270.9166666666667, 219.0, 256.5, 215.0]}, "NETHERLANDS": {"x": [1971, 1972, 1973, 1974, 1975, 1976, 1977, 1978, 1979, 1980, 1981, 1982, 1983, 1984, 1985, 1986, 1987, 1988, 1989, 1990, 1991, 1992, 1993, 1994, 1995, 1996, 1997, 1998, 1999, 2000, 2001, 2002, 2003, 2004, 2005, 2006, 2007, 2008, 2009, 2010, 2011, 2012, 2013, 2014, 2015, 2016, 2017, 2018, 2019], "y": [0, 0, 0, 0, 0, 0, 0, 0, 0, 0, 0, 0, 0, 0, 0, 0, 0, 0, 0, 0, 0, 0, 0, 0, 0, 180.5, 0, 0, 0, 0, 0, 136.0, 228.0, 0, 0, 166.33333333333334, 215.0, 129.5, 240.0, 203.85714285714286, 225.4, 256.0, 143.0, 265.0, 0, 0, 0, 189.0, 0]}, "ZIMBABWE": {"x": [1971, 1972, 1973, 1974, 1975, 1976, 1977, 1978, 1979, 1980, 1981, 1982, 1983, 1984, 1985, 1986, 1987, 1988, 1989, 1990, 1991, 1992, 1993, 1994, 1995, 1996, 1997, 1998, 1999, 2000, 2001, 2002, 2003, 2004, 2005, 2006, 2007, 2008, 2009, 2010, 2011, 2012, 2013, 2014, 2015, 2016, 2017, 2018, 2019], "y": [0, 0, 0, 0, 0, 0, 0, 0, 0, 0, 0, 0, 195.5, 0, 0, 0, 184.33333333333334, 0, 0, 0, 0, 220.0, 177.0, 220.33333333333334, 216.66666666666666, 207.33333333333334, 241.64285714285714, 225.8235294117647, 231.92857142857142, 198.875, 218.47368421052633, 241.0, 209.45454545454547, 180.6153846153846, 228.4, 194.57142857142858, 220.57142857142858, 186.57142857142858, 238.94117647058823, 193.5, 231.44444444444446, 0, 200.33333333333334, 184.66666666666666, 231.375, 185.5, 198.0, 210.94117647058823, 307.0]}, "INDIA": {"x": [1971, 1972, 1973, 1974, 1975, 1976, 1977, 1978, 1979, 1980, 1981, 1982, 1983, 1984, 1985, 1986, 1987, 1988, 1989, 1990, 1991, 1992, 1993, 1994, 1995, 1996, 1997, 1998, 1999, 2000, 2001, 2002, 2003, 2004, 2005, 2006, 2007, 2008, 2009, 2010, 2011, 2012, 2013, 2014, 2015, 2016, 2017, 2018, 2019], "y": [0, 0, 0, 218.0, 230.0, 154.0, 0, 124.5, 186.0, 196.8, 130.75, 231.0, 219.1818181818182, 211.66666666666666, 187.8, 201.72727272727272, 228.9, 227.7, 202.75, 210.8, 212.88888888888889, 194.16666666666666, 215.22222222222223, 240.08333333333334, 198.0, 234.52941176470588, 214.57894736842104, 249.0, 249.79166666666666, 237.8, 266.6666666666667, 258.6, 233.6875, 262.5, 266.3076923076923, 239.92307692307693, 273.25, 262.0833333333333, 296.15384615384613, 254.08333333333334, 281.75, 261.0, 255.41666666666666, 284.0, 261.0769230769231, 295.25, 300.9166666666667, 300.7142857142857, 255.2]}, "AUSTRALIA": {"x": [1971, 1972, 1973, 1974, 1975, 1976, 1977, 1978, 1979, 1980, 1981, 1982, 1983, 1984, 1985, 1986, 1987, 1988, 1989, 1990, 1991, 1992, 1993, 1994, 1995, 1996, 1997, 1998, 1999, 2000, 2001, 2002, 2003, 2004, 2005, 2006, 2007, 2008, 2009, 2010, 2011, 2012, 2013, 2014, 2015, 2016, 2017, 2018, 2019], "y": [0, 200.5, 0, 265.0, 247.0, 0, 169.0, 0, 167.4, 214.75, 217.9, 193.75, 239.125, 216.45454545454547, 219.33333333333334, 229.27272727272728, 228.1764705882353, 240.28571428571428, 230.9, 254.45454545454547, 224.25, 203.84615384615384, 218.8181818181818, 226.88235294117646, 250.14285714285714, 238.25, 236.33333333333334, 256.64285714285717, 249.6, 279.1818181818182, 284.25, 253.41666666666666, 265.2105263157895, 267.0, 271.23809523809524, 277.4375, 301.6111111111111, 242.46153846153845, 247.66666666666666, 267.70588235294116, 255.0, 236.42105263157896, 272.94117647058823, 261.0, 302.7, 299.90909090909093, 294.5, 240.85714285714286, 278.55555555555554]}, "SOUTH AFRICA": {"x": [1971, 1972, 1973, 1974, 1975, 1976, 1977, 1978, 1979, 1980, 1981, 1982, 1983, 1984, 1985, 1986, 1987, 1988, 1989, 1990, 1991, 1992, 1993, 1994, 1995, 1996, 1997, 1998, 1999, 2000, 2001, 2002, 2003, 2004, 2005, 2006, 2007, 2008, 2009, 2010, 2011, 2012, 2013, 2014, 2015, 2016, 2017, 2018, 2019], "y": [0, 0, 0, 0, 0, 0, 0, 0, 0, 0, 0, 0, 0, 0, 0, 0, 0, 0, 0, 0, 177.0, 200.6, 181.33333333333334, 220.8, 228.16666666666666, 259.53333333333336, 248.54545454545453, 244.9090909090909, 235.93333333333334, 227.76470588235293, 266.77777777777777, 254.3684210526316, 244.5, 237.2, 249.3, 267.1, 249.69230769230768, 249.66666666666666, 280.375, 302.4, 272.8888888888889, 271.6666666666667, 255.64705882352942, 282.22222222222223, 309.0, 289.14285714285717, 303.9, 245.33333333333334, 253.0]}, "PAKISTAN": {"x": [1971, 1972, 1973, 1974, 1975, 1976, 1977, 1978, 1979, 1980, 1981, 1982, 1983, 1984, 1985, 1986, 1987, 1988, 1989, 1990, 1991, 1992, 1993, 1994, 1995, 1996, 1997, 1998, 1999, 2000, 2001, 2002, 2003, 2004, 2005, 2006, 2007, 2008, 2009, 2010, 2011, 2012, 2013, 2014, 2015, 2016, 2017, 2018, 2019], "y": [0, 0, 0, 0, 298.0, 0, 178.33333333333334, 181.5, 286.0, 163.5, 150.0, 227.7, 220.0, 182.36363636363637, 199.8181818181818, 177.71428571428572, 231.2, 221.66666666666666, 202.85, 216.84615384615384, 242.5, 202.0, 206.0, 211.78571428571428, 215.2, 233.27777777777777, 217.06666666666666, 238.35714285714286, 246.9047619047619, 223.9047619047619, 240.46153846153845, 259.10526315789474, 243.82608695652175, 239.08333333333334, 268.0, 228.28571428571428, 245.45454545454547, 292.54545454545456, 248.7, 267.625, 233.07142857142858, 246.875, 240.78947368421052, 240.16666666666666, 265.3076923076923, 289.25, 283.6666666666667, 282.125, 264.8]}, "IRELAND": {"x": [1971, 1972, 1973, 1974, 1975, 1976, 1977, 1978, 1979, 1980, 1981, 1982, 1983, 1984, 1985, 1986, 1987, 1988, 1989, 1990, 1991, 1992, 1993, 1994, 1995, 1996, 1997, 1998, 1999, 2000, 2001, 2002, 2003, 2004, 2005, 2006, 2007, 2008, 2009, 2010, 2011, 2012, 2013, 2014, 2015, 2016, 2017, 2018, 2019], "y": [0, 0, 0, 0, 0, 0, 0, 0, 0, 0, 0, 0, 0, 0, 0, 0, 0, 0, 0, 0, 0, 0, 0, 0, 0, 0, 0, 0, 0, 0, 0, 0, 0, 0, 0, 257.0, 205.33333333333334, 207.0, 230.5, 227.9, 239.66666666666666, 200.0, 250.5, 221.5, 262.8, 231.5, 215.4, 258.1666666666667, 179.5]}, "ENGLAND": {"x": [1971, 1972, 1973, 1974, 1975, 1976, 1977, 1978, 1979, 1980, 1981, 1982, 1983, 1984, 1985, 1986, 1987, 1988, 1989, 1990, 1991, 1992, 1993, 1994, 1995, 1996, 1997, 1998, 1999, 2000, 2001, 2002, 2003, 2004, 2005, 2006, 2007, 2008, 2009, 2010, 2011, 2012, 2013, 2014, 2015, 2016, 2017, 2018, 2019], "y": [190.0, 236.0, 189.0, 162.5, 223.8, 202.0, 206.5, 237.25, 197.71428571428572, 258.6666666666667, 149.0, 253.0, 230.58333333333334, 194.25, 200.33333333333334, 157.33333333333334, 228.2, 204.33333333333334, 236.8, 217.6, 250.0, 270.75, 232.33333333333334, 226.33333333333334, 241.2, 239.8, 232.5, 240.5, 226.14285714285714, 214.14285714285714, 198.0, 252.66666666666666, 197.6, 244.08333333333334, 264.6666666666667, 233.36363636363637, 238.375, 242.27272727272728, 233.0, 290.25, 252.125, 250.4, 248.88888888888889, 249.30769230769232, 272.8333333333333, 324.25, 303.1818181818182, 300.09090909090907, 265.5]}, "NEW ZEALAND": {"x": [1971, 1972, 1973, 1974, 1975, 1976, 1977, 1978, 1979, 1980, 1981, 1982, 1983, 1984, 1985, 1986, 1987, 1988, 1989, 1990, 1991, 1992, 1993, 1994, 1995, 1996, 1997, 1998, 1999, 2000, 2001, 2002, 2003, 2004, 2005, 2006, 2007, 2008, 2009, 2010, 2011, 2012, 2013, 2014, 2015, 2016, 2017, 2018, 2019],